Rk,Player,Pos,Age,Tm,G,GS,MP,FG,FGA,FG%,3P,3PA,3P%,2P,2PA,2P%,eFG%,FT,FTA,FT%,ORB,DRB,TRB,AST,STL,BLK,TOV,PF,PTS,Player-additional
1,Luka Dončić,PG,22,DAL,65,65,35.4,9.9,21.6,.457,3.1,8.8,.353,6.8,12.8,.528,.529,5.6,7.5,.744,0.9,8.3,9.1,8.7,1.2,0.6,4.5,2.2,28.4,doncilu01
2,Devin Booker,SG,25,PHO,68,68,34.5,9.7,20.9,.466,2.7,7.0,.383,7.0,13.9,.508,.530,4.6,5.3,.868,0.7,4.4,5.0,4.8,1.1,0.4,2.4,2.6,26.8,bookede01
3,Jayson Tatum,SF,23,BOS,76,76,35.9,9.3,20.6,.453,3.0,8.6,.353,6.3,12.0,.524,.526,5.3,6.2,.853,1.1,6.9,8.0,4.4,1.0,0.6,2.9,2.3,26.9,tatumja01
4,Donovan Mitchell,SG,25,UTA,67,67,33.8,9.2,20.5,.448,3.5,9.8,.355,5.7,10.8,.533,.533,4.0,4.7,.853,0.8,3.4,4.2,5.3,1.5,0.2,3.0,2.4,25.9,mitchdo01
5,Trae Young,PG,23,ATL,76,76,34.9,9.4,20.3,.460,3.1,8.0,.382,6.3,12.3,.512,.536,6.6,7.3,.904,0.7,3.1,3.7,9.7,0.9,0.1,4.0,1.7,28.4,youngtr01
6,DeMar DeRozan,PF,32,CHI,76,76,36.1,10.2,20.2,.504,0.7,1.9,.352,9.5,18.3,.520,.521,6.8,7.8,.877,0.7,4.4,5.2,4.9,0.9,0.3,2.4,2.3,27.9,derozde01
7,Joel Embiid,C,27,PHI,68,68,33.8,9.8,19.6,.499,1.4,3.7,.371,8.4,15.9,.529,.534,9.6,11.8,.814,2.1,9.6,11.7,4.2,1.1,1.5,3.1,2.7,30.6,embiijo01
8,Stephen Curry,PG,33,GSW,64,64,34.5,8.4,19.1,.437,4.5,11.7,.380,3.9,7.4,.527,.554,4.3,4.7,.923,0.5,4.7,5.2,6.3,1.3,0.4,3.2,2.0,25.5,curryst01
9,CJ McCollum,SG,30,TOT,62,62,34.6,8.6,18.8,.460,2.9,7.6,.388,5.7,11.2,.509,.539,1.9,2.7,.682,0.9,3.5,4.3,5.1,1.1,0.4,2.0,2.0,22.1,mccolcj01
10,Giannis Antetokounmpo,PF,27,MIL,67,67,32.9,10.3,18.6,.553,1.1,3.6,.293,9.2,15.0,.616,.582,8.3,11.4,.722,2.0,9.6,11.6,5.8,1.1,1.4,3.3,3.2,29.9,antetgi01
11,De'Aaron Fox,PG,24,SAC,59,59,35.3,8.7,18.5,.473,1.3,4.2,.297,7.5,14.3,.524,.506,4.4,5.9,.750,0.4,3.5,3.9,5.6,1.2,0.4,2.8,2.9,23.2,foxde01
12,Jaylen Brown,SF,25,BOS,66,66,33.6,8.7,18.4,.473,2.5,7.0,.358,6.2,11.4,.544,.541,3.7,4.8,.758,0.8,5.3,6.1,3.5,1.1,0.3,2.7,2.5,23.6,brownja02
13,Dejounte Murray,PG,25,SAS,68,68,34.8,8.4,18.3,.462,1.4,4.3,.327,7.0,13.9,.504,.500,2.9,3.6,.794,1.2,7.1,8.3,9.2,2.0,0.3,2.6,2.0,21.1,murrade01
14,Pascal Siakam,PF,27,TOR,68,68,37.9,8.8,17.8,.494,1.1,3.2,.344,7.7,14.5,.527,.525,4.2,5.6,.749,1.9,6.6,8.5,5.3,1.3,0.6,2.7,3.3,22.8,siakapa01
15,Zach LaVine,SG,26,CHI,67,67,34.7,8.4,17.7,.476,2.8,7.1,.389,5.7,10.6,.534,.554,4.8,5.6,.853,0.3,4.3,4.6,4.5,0.6,0.3,2.6,1.8,24.4,lavinza01
16,Nikola Jokić,C,26,DEN,74,74,33.5,10.3,17.7,.583,1.3,3.9,.337,9.0,13.8,.652,.620,5.1,6.3,.810,2.8,11.0,13.8,7.9,1.5,0.9,3.8,2.6,27.1,jokicni01
17,Darius Garland,PG,22,CLE,68,68,35.7,8.0,17.3,.462,2.6,6.7,.383,5.4,10.6,.512,.536,3.2,3.5,.892,0.6,2.7,3.3,8.6,1.3,0.1,3.6,1.7,21.7,garlada01
18,Julius Randle,PF,27,NYK,72,72,35.3,7.1,17.3,.411,1.7,5.4,.308,5.4,11.9,.458,.459,4.2,5.6,.756,1.7,8.2,9.9,5.1,0.7,0.5,3.4,2.8,20.1,randlju01
19,Anthony Edwards,SG,20,MIN,72,72,34.3,7.6,17.3,.441,3.0,8.4,.357,4.6,8.9,.519,.527,3.1,3.9,.786,0.9,3.9,4.8,3.8,1.5,0.6,2.6,2.3,21.3,edwaran01
20,RJ Barrett,SF,21,NYK,70,70,34.5,7.0,17.1,.408,2.0,5.8,.342,5.0,11.3,.442,.466,4.1,5.8,.714,0.9,4.9,5.8,3.0,0.6,0.2,2.2,2.0,20.0,barrerj01
21,Tyler Herro,SG,22,MIA,66,10,32.6,7.6,17.0,.447,2.7,6.7,.399,4.9,10.3,.477,.525,2.9,3.3,.868,0.5,4.5,5.0,4.0,0.7,0.1,2.6,1.4,20.7,herroty01
22,Fred VanVleet,PG,27,TOR,65,65,37.9,6.8,16.9,.403,3.7,9.9,.377,3.1,7.0,.440,.513,3.0,3.4,.874,0.7,3.8,4.4,6.7,1.7,0.5,2.6,2.5,20.3,vanvlfr01
23,LaMelo Ball,PG,20,CHO,75,75,32.3,7.2,16.7,.429,2.9,7.5,.389,4.2,9.2,.462,.517,2.8,3.2,.872,1.4,5.2,6.7,7.6,1.6,0.4,3.3,3.2,20.1,ballla01
24,Karl-Anthony Towns,C,26,MIN,74,74,33.5,8.7,16.4,.529,2.0,4.9,.410,6.6,11.5,.580,.591,5.2,6.3,.822,2.6,7.2,9.8,3.6,1.0,1.1,3.1,3.6,24.6,townska01
25,Reggie Jackson,SG,31,LAC,75,75,31.2,6.4,16.3,.392,2.2,6.8,.326,4.2,9.5,.439,.460,1.8,2.2,.847,0.5,3.1,3.6,4.8,0.7,0.2,2.3,2.1,16.8,jacksre01
26,Cade Cunningham,SG,20,DET,64,64,32.6,6.7,16.1,.416,1.8,5.7,.314,4.9,10.4,.472,.471,2.2,2.6,.845,0.9,4.6,5.5,5.6,1.2,0.7,3.7,3.1,17.4,cunnica01
27,Terry Rozier,SG,27,CHO,73,73,33.7,7.1,16.0,.444,3.0,8.1,.374,4.1,7.9,.516,.539,2.1,2.4,.852,0.8,3.5,4.3,4.5,1.3,0.3,1.3,1.6,19.3,roziete01
28,Russell Westbrook,PG,33,LAL,78,78,34.3,7.0,15.8,.444,1.0,3.4,.298,6.0,12.4,.485,.476,3.4,5.1,.667,1.4,6.0,7.4,7.1,1.0,0.3,3.8,3.0,18.5,westbru01
29,Nikola Vučević,C,31,CHI,73,73,33.1,7.5,15.8,.473,1.4,4.5,.314,6.1,11.3,.537,.518,1.3,1.7,.760,1.9,9.1,11.0,3.2,1.0,1.0,1.9,2.5,17.6,vucevni01
30,Gary Trent Jr.,SG,23,TOR,70,69,35.0,6.4,15.5,.414,3.0,7.8,.383,3.4,7.7,.445,.511,2.5,2.9,.853,0.4,2.4,2.7,2.0,1.7,0.3,1.0,2.1,18.3,trentga02
31,Khris Middleton,SF,30,MIL,66,66,32.4,6.8,15.5,.443,2.5,6.6,.373,4.4,8.9,.494,.522,3.9,4.4,.890,0.6,4.8,5.4,5.4,1.2,0.3,2.9,2.4,20.1,middlkh01
32,James Harden,PG,32,TOT,65,65,37.2,6.3,15.3,.410,2.3,6.9,.330,4.0,8.4,.476,.485,7.2,8.2,.877,0.8,6.8,7.7,10.3,1.3,0.6,4.4,2.4,22.0,hardeja01
33,Miles Bridges,PF,23,CHO,80,80,35.5,7.5,15.2,.491,1.9,5.8,.331,5.5,9.4,.590,.554,3.3,4.2,.802,1.1,5.9,7.0,3.8,0.9,0.8,1.9,2.4,20.2,bridgmi02
34,D'Angelo Russell,PG,25,MIN,65,65,32.0,6.2,15.0,.411,2.7,8.0,.340,3.5,7.0,.492,.502,3.0,3.7,.825,0.4,2.9,3.3,7.1,1.0,0.3,2.5,2.0,18.1,russeda01
35,Caris LeVert,SG,27,TOT,58,49,30.7,6.5,14.7,.444,1.4,4.4,.320,5.1,10.3,.497,.492,2.5,3.3,.756,0.7,2.9,3.7,4.3,0.9,0.4,1.9,2.3,17.0,leverca01
36,Desmond Bane,SG,23,MEM,76,76,29.8,6.7,14.5,.461,3.0,6.9,.436,3.7,7.6,.484,.565,1.8,2.0,.903,0.6,3.8,4.4,2.7,1.2,0.4,1.5,2.6,18.2,banede01
37,Kyle Kuzma,PF,26,WAS,66,66,33.4,6.4,14.2,.452,1.9,5.7,.341,4.5,8.5,.526,.520,2.4,3.3,.712,1.1,7.4,8.5,3.5,0.6,0.9,2.6,1.9,17.1,kuzmaky01
38,Jrue Holiday,PG,31,MIL,67,64,32.9,7.1,14.2,.501,2.0,4.8,.411,5.2,9.4,.547,.570,2.0,2.7,.761,1.0,3.5,4.5,6.8,1.6,0.4,2.7,2.0,18.3,holidjr01
39,Jalen Green,SG,19,HOU,67,67,31.9,6.1,14.2,.426,2.3,6.8,.343,3.7,7.4,.502,.508,2.8,3.5,.797,0.5,2.9,3.4,2.6,0.7,0.3,2.0,1.5,17.3,greenja05
40,Jordan Clarkson,SG,29,UTA,79,1,27.1,5.9,14.1,.419,2.4,7.6,.318,3.5,6.5,.535,.504,1.8,2.2,.828,0.8,2.6,3.5,2.5,0.8,0.2,1.6,1.9,16.0,clarkjo01
41,Tobias Harris,PF,29,PHI,73,73,34.8,6.8,14.0,.482,1.4,3.8,.367,5.4,10.2,.525,.532,2.3,2.8,.842,1.1,5.7,6.8,3.5,0.6,0.6,1.6,2.2,17.2,harrito02
42,Andrew Wiggins,SF,26,GSW,73,73,31.9,6.5,14.0,.466,2.2,5.5,.393,4.4,8.5,.513,.543,2.0,3.2,.634,1.2,3.3,4.5,2.2,1.0,0.7,1.5,2.2,17.2,wiggian01
43,Cole Anthony,PG,21,ORL,65,65,31.7,5.5,14.0,.391,2.0,6.0,.338,3.5,8.0,.432,.464,3.3,3.9,.854,0.5,4.9,5.4,5.7,0.7,0.3,2.6,2.6,16.3,anthoco01
44,Saddiq Bey,SF,22,DET,82,82,33.0,5.5,13.9,.396,2.6,7.4,.346,2.9,6.4,.454,.489,2.6,3.1,.827,1.3,4.1,5.4,2.8,0.9,0.2,1.2,1.6,16.1,beysa01
45,Jordan Poole,SG,22,GSW,76,51,30.0,6.2,13.9,.448,2.8,7.6,.364,3.5,6.3,.550,.548,3.2,3.5,.925,0.4,3.0,3.4,4.0,0.8,0.3,2.5,2.7,18.5,poolejo01
46,Buddy Hield,SG,29,TOT,81,32,30.9,5.5,13.6,.406,3.2,8.8,.366,2.3,4.7,.482,.526,1.4,1.6,.874,0.8,3.5,4.4,2.8,0.9,0.3,1.9,2.3,15.6,hieldbu01
47,Keldon Johnson,SF,22,SAS,75,74,31.9,6.3,13.5,.466,2.1,5.3,.398,4.2,8.2,.510,.545,2.4,3.1,.756,1.1,5.0,6.1,2.1,0.8,0.2,1.2,2.0,17.0,johnske04
48,Bojan Bogdanović,PF,32,UTA,69,69,30.9,6.1,13.4,.455,2.6,6.8,.387,3.5,6.7,.524,.552,3.2,3.8,.858,0.8,3.4,4.3,1.7,0.5,0.0,1.7,1.7,18.1,bogdabo02
49,Tyrese Maxey,PG,21,PHI,75,74,35.3,6.4,13.3,.485,1.8,4.1,.427,4.7,9.1,.512,.552,2.8,3.3,.866,0.3,2.9,3.2,4.3,0.7,0.4,1.2,2.1,17.5,maxeyty01
50,Jaren Jackson Jr.,PF,22,MEM,78,78,27.3,5.5,13.3,.415,1.6,5.1,.319,3.9,8.1,.476,.477,3.6,4.4,.823,1.5,4.3,5.8,1.1,0.9,2.3,1.7,3.5,16.3,jacksja02
51,Kevin Porter Jr.,PG,21,HOU,61,61,31.3,5.5,13.2,.415,2.5,6.8,.375,3.0,6.5,.456,.511,2.0,3.2,.642,0.7,3.7,4.4,6.2,1.1,0.4,3.1,2.6,15.6,porteke02
52,Christian Wood,C,26,HOU,68,67,30.8,6.5,12.9,.501,1.9,4.9,.390,4.5,8.0,.570,.576,3.0,4.9,.623,1.6,8.5,10.1,2.3,0.8,1.0,1.9,2.5,17.9,woodch01
53,Jalen Brunson,SG,25,DAL,79,61,31.9,6.4,12.8,.502,1.2,3.2,.373,5.2,9.6,.545,.549,2.3,2.7,.840,0.5,3.4,3.9,4.8,0.8,0.0,1.6,1.9,16.3,brunsja01
54,Jonas Valančiūnas,C,29,NOP,74,74,30.3,6.9,12.7,.544,0.8,2.1,.361,6.1,10.5,.581,.574,3.2,3.9,.820,3.1,8.3,11.4,2.6,0.6,0.8,2.4,3.3,17.8,valanjo01
55,Scottie Barnes,PF,20,TOR,74,74,35.4,6.2,12.6,.492,0.8,2.6,.301,5.4,10.0,.543,.524,2.1,2.9,.735,2.6,4.9,7.5,3.5,1.1,0.7,1.8,2.6,15.3,barnesc01
56,Will Barton,SG,31,DEN,71,71,32.1,5.5,12.6,.438,2.2,6.1,.365,3.3,6.6,.504,.525,1.4,1.8,.803,0.6,4.2,4.8,3.9,0.8,0.4,1.8,1.6,14.7,bartowi01
57,Bogdan Bogdanović,SG,29,ATL,63,27,29.3,5.4,12.6,.431,2.7,7.3,.368,2.7,5.3,.516,.537,1.5,1.8,.843,0.5,3.5,4.0,3.1,1.1,0.2,1.1,2.1,15.1,bogdabo01
58,Domantas Sabonis,PF-C,25,TOT,62,61,34.5,7.1,12.5,.573,0.6,2.0,.312,6.5,10.5,.623,.598,4.0,5.4,.741,3.2,8.9,12.1,5.2,1.0,0.4,3.1,3.3,18.9,sabondo01
59,Franz Wagner,SF,20,ORL,79,79,30.7,5.8,12.3,.468,1.2,3.4,.354,4.6,8.9,.511,.517,2.4,2.8,.863,1.1,3.4,4.5,2.9,0.9,0.4,1.5,2.1,15.2,wagnefr01
60,Kelly Oubre Jr.,SF,26,CHO,76,13,26.3,5.4,12.3,.440,2.5,7.3,.345,2.9,5.0,.578,.542,1.7,2.5,.667,1.0,2.9,4.0,1.1,1.0,0.4,0.9,2.5,15.0,oubreke01
61,Evan Fournier,SG,29,NYK,80,80,29.5,5.0,12.1,.417,3.0,7.7,.389,2.0,4.3,.465,.541,1.0,1.4,.708,0.4,2.2,2.6,2.1,1.0,0.3,1.3,2.3,14.1,fournev01
62,Bobby Portis,C,26,MIL,72,59,28.2,5.8,12.1,.479,1.8,4.7,.393,3.9,7.4,.533,.555,1.2,1.6,.752,2.5,6.6,9.1,1.2,0.7,0.7,1.3,2.4,14.6,portibo01
63,Evan Mobley,PF,20,CLE,69,69,33.8,6.1,12.0,.508,0.3,1.3,.250,5.8,10.7,.541,.522,2.4,3.7,.663,2.1,6.2,8.3,2.5,0.8,1.7,1.9,2.1,15.0,mobleev01
64,Deandre Ayton,C,23,PHO,58,58,29.5,7.6,12.0,.634,0.1,0.3,.368,7.5,11.7,.642,.639,1.8,2.4,.746,2.6,7.7,10.2,1.4,0.7,0.7,1.6,2.4,17.2,aytonde01
65,Tyrese Haliburton,SG-PG,21,TOT,77,77,35.0,5.6,11.8,.473,2.1,5.1,.414,3.5,6.8,.517,.562,2.1,2.5,.842,0.8,3.2,4.0,8.2,1.7,0.6,2.6,1.6,15.3,halibty01
66,Seth Curry,SG,31,TOT,64,64,33.4,5.6,11.5,.487,2.5,5.8,.422,3.2,5.7,.553,.594,1.3,1.5,.872,0.3,2.8,3.1,3.6,0.8,0.2,1.7,2.3,15.0,curryse01
67,Lauri Markkanen,SF,24,CLE,61,61,30.8,5.1,11.5,.445,2.2,6.2,.358,2.9,5.3,.548,.542,2.3,2.6,.868,1.0,4.7,5.7,1.3,0.7,0.5,0.9,2.1,14.8,markkla01
68,Chris Paul,PG,36,PHO,65,65,32.9,5.6,11.3,.493,1.0,3.1,.317,4.6,8.3,.559,.536,2.6,3.1,.837,0.3,4.0,4.4,10.8,1.9,0.3,2.4,2.1,14.7,paulch01
69,Dennis Schröder,SG-PG,28,TOT,64,29,28.7,4.9,11.3,.431,1.3,3.9,.344,3.5,7.4,.477,.490,2.5,2.9,.853,0.5,2.8,3.3,4.6,0.8,0.1,2.2,2.4,13.5,schrode01
70,Davion Mitchell,PG,23,SAC,75,19,27.7,4.7,11.2,.418,1.3,4.3,.316,3.3,7.0,.480,.477,0.7,1.1,.659,0.4,1.8,2.2,4.2,0.7,0.3,1.5,1.9,11.5,mitchda01
71,Aaron Gordon,PF,26,DEN,75,75,31.7,5.8,11.1,.520,1.2,3.5,.335,4.6,7.7,.605,.573,2.3,3.1,.743,1.7,4.2,5.9,2.5,0.6,0.6,1.8,2.0,15.0,gordoaa01
72,Wendell Carter Jr.,PF,22,ORL,62,61,29.9,5.8,11.0,.525,1.1,3.5,.327,4.7,7.6,.615,.576,2.3,3.3,.691,2.2,8.2,10.5,2.8,0.6,0.7,1.9,2.7,15.0,cartewe01
73,Spencer Dinwiddie,PG-SG,28,TOT,67,51,29.6,4.6,11.0,.416,1.7,4.9,.339,2.9,6.0,.479,.493,2.9,3.8,.774,0.7,3.5,4.2,5.2,0.7,0.2,1.6,2.2,13.7,dinwisp01
74,Mike Conley,PG,34,UTA,72,72,28.6,4.8,11.0,.435,2.3,5.8,.408,2.4,5.2,.464,.542,1.8,2.3,.796,0.7,2.4,3.0,5.3,1.3,0.3,1.7,2.0,13.7,conlemi01
75,Malik Monk,SG,23,LAL,76,37,28.1,5.1,10.9,.473,2.3,5.8,.391,2.9,5.1,.568,.578,1.2,1.5,.795,0.5,2.9,3.4,2.9,0.8,0.4,1.6,1.8,13.8,monkma01
76,Lonnie Walker IV,SG,23,SAS,70,6,23.0,4.4,10.9,.407,1.6,5.0,.314,2.9,5.9,.487,.480,1.7,2.1,.784,0.3,2.3,2.6,2.2,0.6,0.3,1.0,1.4,12.1,walkelo01
77,Harrison Barnes,PF,29,SAC,77,77,33.6,5.1,10.8,.469,1.8,4.7,.394,3.2,6.2,.525,.554,4.4,5.4,.826,1.1,4.5,5.6,2.4,0.7,0.2,1.5,1.2,16.4,barneha02
78,Kentavious Caldwell-Pope,SG,28,WAS,77,77,30.2,4.7,10.8,.435,2.1,5.3,.390,2.6,5.5,.480,.531,1.8,2.0,.890,0.5,2.9,3.4,1.9,1.1,0.3,1.3,1.8,13.2,caldwke01
79,Devin Vassell,SF,21,SAS,71,32,27.3,4.6,10.8,.427,1.9,5.4,.361,2.7,5.4,.492,.516,1.2,1.4,.838,0.6,3.7,4.3,1.9,1.1,0.6,0.8,2.0,12.3,vassede01
80,Malik Beasley,SG,25,MIN,79,18,25.0,4.2,10.8,.391,3.0,8.1,.377,1.2,2.7,.432,.532,0.6,0.8,.817,0.3,2.5,2.9,1.5,0.5,0.2,0.5,1.1,12.1,beaslma01
81,Derrick White,SG,27,TOT,75,52,29.3,4.5,10.7,.421,1.5,4.9,.312,3.0,5.7,.515,.493,2.7,3.1,.864,0.5,3.0,3.5,4.9,0.9,0.8,1.6,2.3,13.2,whitede01
82,Devonte' Graham,PG,26,NOP,76,63,28.4,3.9,10.7,.363,2.5,7.4,.341,1.4,3.3,.413,.481,1.6,1.8,.843,0.5,1.8,2.3,4.2,0.9,0.2,1.4,1.3,11.9,grahade01
83,Coby White,PG,21,CHI,61,17,27.5,4.6,10.6,.433,2.2,5.8,.385,2.3,4.8,.491,.539,1.3,1.5,.857,0.3,2.7,3.0,2.9,0.5,0.2,1.1,2.2,12.7,whiteco01
84,Mikal Bridges,SF,25,PHO,82,82,34.8,5.6,10.5,.534,1.4,3.8,.369,4.2,6.7,.628,.601,1.6,1.9,.834,0.9,3.3,4.2,2.3,1.2,0.4,0.8,1.8,14.2,bridgmi01
85,Carmelo Anthony,PF,37,LAL,69,3,26.0,4.6,10.5,.441,2.2,5.8,.375,2.5,4.7,.521,.544,1.9,2.3,.830,0.9,3.3,4.2,1.0,0.7,0.8,0.9,2.4,13.3,anthoca01
86,Nickeil Alexander-Walker,SG,23,TOT,65,21,22.6,3.9,10.5,.372,1.6,5.2,.311,2.3,5.3,.433,.449,1.2,1.7,.743,0.6,2.3,2.9,2.4,0.7,0.4,1.4,1.6,10.6,alexani01
87,Monte Morris,PG,26,DEN,75,74,29.9,5.0,10.3,.484,1.7,4.2,.395,3.3,6.1,.545,.564,1.0,1.1,.869,0.4,2.7,3.0,4.4,0.7,0.2,1.0,1.2,12.6,morrimo01
88,Kevin Huerter,SF,23,ATL,74,60,29.6,4.7,10.3,.454,2.2,5.6,.389,2.5,4.7,.530,.559,0.6,0.7,.808,0.4,3.0,3.4,2.7,0.7,0.4,1.2,2.5,12.1,huertke01
89,Kevin Love,C,33,CLE,74,4,22.5,4.4,10.3,.430,2.5,6.4,.392,1.9,3.8,.493,.553,2.2,2.7,.838,1.2,6.1,7.2,2.2,0.4,0.2,1.3,1.4,13.6,loveke01
90,Marcus Smart,PG,27,BOS,71,71,32.3,4.2,10.1,.418,1.7,5.1,.331,2.5,5.0,.506,.501,2.0,2.5,.793,0.6,3.2,3.8,5.9,1.7,0.3,2.2,2.3,12.1,smartma01
91,Cameron Payne,PG,27,PHO,58,12,22.0,4.1,10.1,.409,1.2,3.6,.336,2.9,6.5,.449,.469,1.3,1.5,.843,0.4,2.6,3.0,4.9,0.7,0.3,1.8,2.1,10.8,payneca01
92,Kyle Lowry,PG,35,MIA,63,63,33.9,4.4,10.0,.440,2.3,6.1,.377,2.1,3.9,.539,.555,2.3,2.8,.851,0.5,4.0,4.5,7.5,1.1,0.3,2.7,2.8,13.4,lowryky01
93,Jakob Poeltl,C,26,SAS,68,67,29.0,6.0,9.8,.618,0.0,0.0,1.000,6.0,9.7,.618,.619,1.4,2.8,.495,3.9,5.5,9.3,2.8,0.7,1.7,1.6,3.1,13.5,poeltja01
94,Patty Mills,SG,33,BRK,81,48,29.0,4.0,9.8,.408,2.8,7.0,.400,1.2,2.8,.429,.551,0.6,0.7,.814,0.2,1.7,1.9,2.3,0.6,0.2,0.9,1.4,11.4,millspa02
95,Tre Mann,PG,20,OKC,60,26,22.8,3.9,9.8,.393,1.6,4.5,.360,2.2,5.3,.421,.476,1.1,1.4,.793,0.4,2.4,2.9,1.5,0.8,0.2,1.2,1.7,10.4,manntr01
96,De'Anthony Melton,SG,23,MEM,73,15,22.7,3.8,9.5,.404,1.9,5.1,.374,1.9,4.4,.440,.504,1.2,1.6,.750,0.9,3.6,4.5,2.7,1.4,0.5,1.5,1.8,10.8,meltode01
97,Darius Bazley,PF,21,OKC,69,53,27.9,4.0,9.4,.422,1.2,3.9,.297,2.8,5.5,.511,.484,1.7,2.5,.688,1.0,5.3,6.3,1.4,0.8,1.0,1.3,1.0,10.8,bazleda01
98,Jae'Sean Tate,PF,26,HOU,78,77,26.4,4.7,9.3,.498,0.8,2.6,.312,3.8,6.8,.569,.541,1.7,2.4,.707,1.7,3.7,5.4,2.8,0.9,0.5,1.8,3.7,11.8,tateja01
99,Immanuel Quickley,PG,22,NYK,78,3,23.1,3.6,9.3,.392,1.8,5.1,.346,1.9,4.2,.448,.487,2.3,2.6,.881,0.4,2.8,3.2,3.5,0.7,0.0,1.3,2.1,11.3,quickim01
100,Cameron Johnson,PF,25,PHO,66,16,26.2,4.2,9.2,.460,2.5,5.9,.425,1.7,3.3,.523,.596,1.5,1.7,.860,0.6,3.5,4.1,1.5,0.9,0.2,0.7,1.7,12.5,johnsca02
101,Duncan Robinson,SG,27,MIA,79,68,25.9,3.7,9.2,.399,2.9,7.9,.372,0.7,1.3,.569,.559,0.6,0.8,.836,0.3,2.3,2.6,1.6,0.5,0.2,0.8,2.5,10.9,robindu01
102,Gary Harris,SG,27,ORL,61,30,28.4,3.9,9.1,.434,1.9,5.0,.384,2.0,4.1,.494,.539,1.4,1.6,.874,0.6,1.4,2.0,1.8,1.0,0.1,1.0,1.8,11.1,harriga01
103,Luke Kennard,SG,25,LAC,70,13,27.4,4.1,9.1,.449,2.7,6.0,.449,1.4,3.1,.449,.598,1.0,1.1,.896,0.3,3.0,3.3,2.1,0.6,0.1,0.9,1.4,11.9,kennalu01
104,Hamidou Diallo,SG,23,DET,58,29,21.9,4.5,9.1,.496,0.4,1.6,.247,4.1,7.5,.550,.518,1.6,2.4,.650,1.2,3.6,4.8,1.3,1.2,0.3,1.0,2.5,11.0,diallha01
105,Alec Burks,SG,30,NYK,81,44,28.6,3.5,9.0,.391,1.9,4.8,.404,1.6,4.2,.378,.499,2.7,3.3,.822,0.6,4.3,4.9,3.0,1.0,0.3,1.1,2.7,11.7,burksal01
106,Danilo Gallinari,PF,33,ATL,66,18,25.3,3.9,9.0,.434,1.7,4.5,.381,2.2,4.6,.485,.528,2.1,2.4,.904,0.5,4.1,4.7,1.5,0.4,0.2,0.6,1.4,11.7,gallida01
107,Talen Horton-Tucker,SG,21,LAL,60,19,25.2,3.7,9.0,.416,0.8,3.0,.269,2.9,5.9,.492,.462,1.7,2.1,.800,0.6,2.6,3.2,2.7,1.0,0.5,1.4,2.5,10.0,hortota01
108,Justin Holiday,SF-SG,32,TOT,74,65,27.8,3.5,8.9,.394,2.4,6.5,.367,1.1,2.4,.467,.528,0.7,0.8,.806,0.4,2.2,2.6,1.7,0.8,0.4,0.9,2.1,10.1,holidju01
109,Terrence Ross,SG,30,ORL,63,0,23.0,3.5,8.8,.397,1.2,4.2,.292,2.3,4.6,.493,.467,1.8,2.1,.862,0.3,2.2,2.6,1.8,0.4,0.2,1.2,1.1,10.0,rosste01
110,Dorian Finney-Smith,PF,28,DAL,80,80,33.1,4.1,8.7,.471,2.2,5.4,.395,1.9,3.2,.599,.595,0.7,1.0,.675,1.5,3.2,4.7,1.9,1.1,0.5,1.0,2.3,11.0,finnedo01
111,Mo Bamba,C,23,ORL,71,69,25.7,4.2,8.7,.480,1.5,4.0,.381,2.7,4.7,.563,.566,0.8,1.0,.781,2.1,6.0,8.1,1.2,0.5,1.7,1.1,2.6,10.6,bambamo01
112,Cedi Osman,SF,26,CLE,66,3,22.2,3.7,8.7,.432,1.9,5.4,.357,1.8,3.2,.559,.544,1.3,2.0,.664,0.4,1.8,2.2,2.0,0.8,0.2,1.0,1.9,10.7,osmande01
113,Grayson Allen,SG,26,MIL,66,61,27.3,3.9,8.6,.448,2.4,5.9,.409,1.5,2.7,.533,.588,1.0,1.1,.865,0.5,2.9,3.4,1.5,0.7,0.3,0.7,1.5,11.1,allengr01
114,Terance Mann,SF,25,LAC,81,33,28.6,4.1,8.5,.484,0.9,2.6,.365,3.2,6.0,.535,.539,1.6,2.0,.780,1.3,4.0,5.2,2.6,0.7,0.3,1.0,2.2,10.8,mannte01
115,Ben McLemore,SG,28,POR,64,6,20.1,3.4,8.4,.401,2.4,6.5,.362,1.0,1.9,.533,.541,1.1,1.4,.818,0.2,1.4,1.6,0.9,0.6,0.2,0.9,1.6,10.2,mclembe01
116,Precious Achiuwa,C,22,TOR,73,28,23.6,3.6,8.3,.439,0.8,2.1,.359,2.9,6.1,.468,.486,1.1,1.8,.595,2.0,4.5,6.5,1.1,0.5,0.6,1.2,2.1,9.1,achiupr01
117,Max Strus,SF,25,MIA,68,16,23.3,3.7,8.3,.441,2.7,6.5,.410,1.0,1.8,.557,.602,0.6,0.8,.792,0.4,2.6,3.0,1.4,0.4,0.2,0.8,1.7,10.6,strusma01
118,Bones Hyland,SG,21,DEN,69,4,19.0,3.3,8.3,.403,1.9,5.2,.366,1.4,3.1,.465,.518,1.6,1.8,.856,0.2,2.5,2.7,2.8,0.6,0.3,1.2,2.2,10.1,hylanbo01
119,Al Horford,C,35,BOS,69,69,29.1,3.9,8.2,.467,1.3,3.8,.336,2.6,4.4,.582,.546,1.2,1.4,.842,1.6,6.1,7.7,3.4,0.7,1.3,0.9,1.9,10.2,horfoal01
120,Clint Capela,C,27,ATL,74,73,27.6,5.0,8.2,.613,0.0,0.0,.000,5.0,8.1,.614,.613,1.1,2.3,.473,3.8,8.1,11.9,1.2,0.7,1.3,0.6,2.2,11.1,capelca01
121,P.J. Washington,C,23,CHO,65,28,27.2,3.8,8.2,.470,1.7,4.6,.365,2.2,3.6,.606,.573,0.9,1.2,.716,1.3,3.9,5.2,2.3,0.9,0.9,1.3,2.3,10.3,washipj01
122,Chuma Okeke,PF,23,ORL,70,20,25.0,3.1,8.2,.376,1.7,5.3,.318,1.4,2.9,.480,.478,0.8,0.9,.846,0.7,4.3,5.0,1.7,1.4,0.6,0.8,1.4,8.6,okekech01
123,Josh Richardson,SG,28,TOT,65,7,24.6,3.6,8.2,.438,1.6,3.8,.415,2.0,4.4,.458,.534,1.5,1.7,.889,0.6,2.2,2.8,1.8,0.9,0.4,1.0,1.8,10.2,richajo01
124,Jae Crowder,PF,31,PHO,67,67,28.1,3.2,8.1,.399,1.9,5.4,.348,1.3,2.7,.503,.516,1.1,1.3,.789,0.4,4.8,5.3,1.9,1.4,0.4,0.8,2.6,9.4,crowdja01
125,Jaden McDaniels,PF,21,MIN,70,31,25.8,3.6,7.9,.460,1.1,3.6,.317,2.5,4.3,.579,.532,0.8,1.0,.803,1.1,3.1,4.2,1.1,0.7,0.8,1.1,3.2,9.2,mcdanja02
126,Montrezl Harrell,C,28,TOT,71,3,23.1,5.0,7.8,.645,0.1,0.2,.235,5.0,7.6,.658,.649,3.0,4.2,.716,2.1,4.0,6.1,2.0,0.4,0.6,1.0,1.9,13.1,harremo01
127,Rudy Gobert,C,29,UTA,66,66,32.1,5.5,7.7,.713,0.0,0.1,.000,5.5,7.6,.718,.713,4.6,6.7,.690,3.7,11.0,14.7,1.1,0.7,2.1,1.8,2.7,15.6,goberru01
128,Pat Connaughton,SF,29,MIL,65,19,26.0,3.5,7.6,.458,2.2,5.7,.395,1.2,1.9,.643,.605,0.7,0.8,.833,0.7,3.5,4.2,1.3,0.9,0.2,0.5,1.3,9.9,connapa01
129,Oshae Brissett,SF,23,IND,67,25,23.3,3.1,7.6,.411,1.2,3.5,.350,1.9,4.0,.465,.493,1.7,2.4,.695,1.6,3.7,5.3,1.1,0.7,0.4,0.8,1.7,9.1,brissos01
130,Tyus Jones,PG,25,MEM,73,23,21.2,3.4,7.6,.451,1.1,2.8,.390,2.3,4.8,.487,.524,0.7,0.9,.818,0.2,2.2,2.4,4.4,0.9,0.0,0.6,0.4,8.7,jonesty01
131,Patrick Beverley,PG,33,MIN,58,54,25.4,3.1,7.5,.406,1.4,4.2,.343,1.6,3.3,.485,.501,1.7,2.3,.722,1.1,3.1,4.1,4.6,1.2,0.9,1.3,3.0,9.2,beverpa01
132,Gabe Vincent,PG,25,MIA,68,27,23.4,3.1,7.5,.417,1.8,4.8,.368,1.4,2.8,.500,.533,0.6,0.8,.815,0.3,1.5,1.9,3.1,0.9,0.2,1.4,2.3,8.7,vincega01
133,Chimezie Metu,C,24,SAC,60,20,21.3,3.4,7.5,.452,1.0,3.1,.306,2.4,4.4,.555,.516,1.2,1.5,.780,0.6,5.0,5.6,1.0,0.9,0.5,1.0,1.6,8.9,metuch01
134,Trey Lyles,PF,26,TOT,75,23,20.5,3.5,7.5,.466,0.9,2.8,.321,2.6,4.7,.552,.526,2.6,3.2,.802,1.2,3.9,5.1,1.2,0.4,0.4,1.0,1.6,10.5,lylestr01
135,Aleksej Pokusevski,PF,20,OKC,61,12,20.2,3.0,7.5,.408,0.9,3.2,.289,2.1,4.2,.498,.470,0.6,0.8,.700,1.2,4.0,5.2,2.1,0.6,0.6,1.5,1.4,7.6,pokusal01
136,Jordan Nwora,SF,23,MIL,62,13,19.1,3.0,7.5,.403,1.3,3.7,.348,1.7,3.8,.455,.488,0.6,0.7,.837,0.6,3.0,3.6,1.0,0.4,0.3,0.9,1.3,7.9,nworajo01
137,Cam Thomas,SG,20,BRK,67,2,17.6,3.3,7.5,.433,0.7,2.6,.270,2.6,4.9,.520,.480,1.3,1.6,.829,0.2,2.2,2.4,1.2,0.5,0.1,0.8,1.0,8.5,thomaca02
138,Herbert Jones,PF,23,NOP,78,69,29.9,3.5,7.4,.476,0.7,2.2,.337,2.8,5.2,.533,.525,1.8,2.1,.840,1.3,2.5,3.8,2.1,1.7,0.8,1.3,3.1,9.5,joneshe01
139,Reggie Bullock,SF,30,DAL,68,37,28.0,3.0,7.4,.401,2.1,5.8,.360,0.9,1.6,.550,.542,0.6,0.7,.833,0.5,3.1,3.5,1.2,0.6,0.2,0.6,1.6,8.6,bullore01
140,Georges Niang,PF,28,PHI,76,7,22.8,3.2,7.4,.437,2.1,5.1,.403,1.2,2.3,.511,.575,0.7,0.8,.881,0.3,2.3,2.7,1.3,0.4,0.2,0.8,2.5,9.2,niangge01
141,Alperen Şengün,C,19,HOU,72,13,20.7,3.5,7.3,.474,0.4,1.6,.248,3.1,5.7,.539,.502,2.3,3.2,.711,1.9,3.5,5.5,2.6,0.8,0.9,2.0,3.0,9.6,sengual01
142,Chris Boucher,SF,29,TOR,80,9,21.1,3.4,7.2,.464,0.9,2.9,.297,2.5,4.4,.575,.523,1.9,2.4,.777,2.2,3.9,6.2,0.3,0.6,0.9,0.5,2.2,9.4,bouchch01
143,Bryn Forbes,SG,28,TOT,75,2,17.1,3.1,7.2,.429,1.6,3.9,.414,1.5,3.3,.447,.542,1.1,1.2,.908,0.1,1.1,1.2,1.0,0.3,0.1,0.7,1.3,8.8,forbebr01
144,Garrison Mathews,SG,25,HOU,65,33,26.3,2.8,7.1,.399,2.1,5.9,.360,0.7,1.2,.600,.550,2.2,2.8,.794,0.5,2.4,2.9,1.0,0.9,0.4,0.6,2.6,10.0,mathega01
145,Jeff Green,PF,35,DEN,75,63,24.7,3.7,7.1,.524,0.7,2.2,.315,3.0,4.8,.620,.574,2.2,2.6,.833,0.5,2.5,3.1,1.3,0.4,0.4,0.9,2.0,10.3,greenje02
146,Deni Avdija,SF,21,WAS,82,8,24.2,3.0,7.1,.432,1.0,3.2,.317,2.0,3.9,.525,.503,1.3,1.7,.757,0.6,4.5,5.2,2.0,0.7,0.5,1.1,2.3,8.4,avdijde01
147,R.J. Hampton,SG,20,ORL,64,14,21.9,2.7,7.1,.383,1.0,2.9,.350,1.7,4.3,.405,.453,1.2,1.8,.641,0.4,2.7,3.0,2.5,0.7,0.2,1.4,1.6,7.6,hamptrj01
148,Robert Covington,PF,31,TOT,71,42,27.3,2.9,7.0,.420,1.8,4.8,.378,1.1,2.2,.509,.548,0.8,1.0,.841,0.8,4.7,5.5,1.3,1.5,1.3,1.1,2.7,8.5,covinro01
149,Killian Hayes,PG,20,DET,66,40,25.0,2.7,7.0,.383,0.7,2.5,.263,2.0,4.4,.452,.431,0.9,1.1,.770,0.5,2.6,3.2,4.2,1.2,0.5,1.7,2.8,6.9,hayeski01
150,Bruce Brown,SF,25,BRK,72,45,24.6,3.6,7.0,.506,0.5,1.3,.404,3.0,5.7,.529,.543,1.3,1.8,.758,1.4,3.4,4.8,2.1,1.1,0.7,0.8,2.4,9.0,brownbr01
151,Furkan Korkmaz,SG,24,PHI,67,19,21.1,2.7,7.0,.387,1.1,4.0,.289,1.6,3.0,.515,.469,1.0,1.3,.810,0.3,2.3,2.6,1.9,0.5,0.1,0.7,0.9,7.6,korkmfu01
152,Landry Shamet,SG,24,PHO,69,14,20.8,2.8,7.0,.394,1.8,4.8,.368,1.0,2.2,.450,.521,1.0,1.2,.840,0.2,1.6,1.8,1.6,0.4,0.1,0.6,1.3,8.3,shamela01
153,Brandon Clarke,PF,25,MEM,64,1,19.5,4.5,7.0,.644,0.1,0.3,.227,4.4,6.6,.666,.650,1.3,2.0,.654,2.1,3.2,5.3,1.3,0.6,1.1,0.5,1.9,10.4,clarkbr01
154,Ayo Dosunmu,SG,22,CHI,77,40,27.4,3.6,6.9,.520,0.9,2.4,.376,2.7,4.5,.596,.585,0.7,1.0,.679,0.4,2.4,2.8,3.3,0.8,0.4,1.4,2.4,8.8,dosunay01
155,Isaiah Stewart,C,20,DET,71,71,25.6,3.5,6.9,.510,0.2,0.6,.326,3.3,6.3,.529,.526,1.0,1.5,.718,3.2,5.5,8.7,1.2,0.3,1.1,1.2,3.0,8.3,stewais01
156,Caleb Martin,SF,26,MIA,60,12,22.9,3.5,6.8,.507,1.1,2.6,.413,2.4,4.3,.565,.585,1.2,1.6,.763,1.2,2.7,3.8,1.1,1.0,0.5,0.9,1.7,9.2,martica02
157,Amir Coffey,SG,24,LAC,69,30,22.7,3.1,6.8,.453,1.4,3.7,.378,1.7,3.1,.542,.556,1.5,1.7,.863,0.4,2.5,2.9,1.8,0.6,0.2,0.7,1.3,9.0,coffeam01
158,Ziaire Williams,SF,20,MEM,62,31,21.7,3.1,6.8,.450,1.2,3.9,.314,1.9,2.9,.632,.540,0.7,0.9,.782,0.4,1.7,2.1,1.0,0.6,0.2,0.7,1.8,8.1,willizi02
159,Kyle Anderson,PF,28,MEM,69,11,21.5,3.0,6.8,.446,0.5,1.6,.330,2.5,5.2,.481,.484,1.0,1.5,.638,1.0,4.3,5.3,2.7,1.1,0.7,1.0,1.6,7.6,anderky01
160,Josh Christopher,SG,20,HOU,74,2,18.0,3.0,6.8,.448,0.8,2.6,.296,2.3,4.2,.540,.504,1.1,1.5,.735,0.7,1.8,2.5,2.0,0.9,0.2,1.5,1.3,7.9,chrisjo01
161,Corey Kispert,SF,22,WAS,77,36,23.4,3.0,6.7,.455,1.5,4.2,.350,1.6,2.5,.629,.564,0.7,0.8,.871,0.7,2.0,2.7,1.1,0.5,0.3,0.6,1.2,8.2,kispeco01
162,Jaylen Nowell,SG,22,MIN,62,1,15.7,3.2,6.7,.475,1.0,2.6,.394,2.1,4.1,.526,.551,1.2,1.5,.783,0.4,1.6,2.0,2.1,0.4,0.2,0.6,1.2,8.5,nowelja01
163,Nicolas Batum,PF,33,LAC,59,54,24.8,3.0,6.6,.463,1.8,4.6,.400,1.2,2.0,.607,.602,0.4,0.6,.658,0.5,3.8,4.3,1.7,1.0,0.7,0.7,1.4,8.3,batumni01
164,Otto Porter Jr.,PF,28,GSW,63,15,22.2,3.1,6.6,.464,1.3,3.4,.370,1.8,3.2,.565,.560,0.8,1.0,.803,1.4,4.4,5.7,1.5,1.1,0.5,0.6,1.3,8.2,porteot01
165,Kenyon Martin Jr.,SF,21,HOU,79,2,21.0,3.5,6.6,.533,0.8,2.1,.357,2.8,4.5,.617,.591,1.0,1.6,.634,1.0,2.7,3.8,1.3,0.4,0.5,0.8,1.4,8.8,martike04
166,Ish Smith,PG,33,TOT,65,1,17.3,2.8,6.6,.430,0.4,1.0,.373,2.5,5.6,.441,.459,0.2,0.4,.625,0.4,1.8,2.2,3.8,0.7,0.4,1.2,1.2,6.3,smithis01
167,Obi Toppin,PF,23,NYK,72,10,17.1,3.5,6.6,.531,0.7,2.3,.308,2.8,4.2,.655,.586,1.3,1.7,.758,1.0,2.8,3.7,1.1,0.3,0.5,0.8,1.4,9.0,toppiob01
168,Jonathan Kuminga,SF,19,GSW,70,12,16.9,3.4,6.6,.513,0.7,2.1,.336,2.7,4.4,.598,.567,1.9,2.7,.684,0.8,2.6,3.3,0.9,0.4,0.3,1.1,2.1,9.3,kuminjo01
169,Ivica Zubac,C,24,LAC,76,76,24.4,4.1,6.5,.626,0.0,0.0,,4.1,6.5,.626,.626,2.2,3.0,.727,2.9,5.6,8.5,1.6,0.5,1.0,1.5,2.7,10.3,zubaciv01
170,Isaac Okoro,SF,21,CLE,67,61,29.6,3.1,6.4,.480,0.8,2.3,.350,2.3,4.1,.555,.544,1.8,2.3,.768,1.1,1.9,3.0,1.8,0.8,0.3,0.9,2.4,8.8,okorois01
171,Raul Neto,PG,29,WAS,70,19,19.6,2.9,6.3,.463,0.5,1.7,.292,2.4,4.6,.526,.502,1.2,1.5,.769,0.2,1.7,1.9,3.1,0.8,0.0,1.1,1.5,7.5,netora01
172,Moritz Wagner,C,24,ORL,63,3,15.2,3.1,6.3,.497,1.0,3.2,.328,2.1,3.1,.672,.581,1.7,2.0,.806,0.7,3.0,3.7,1.4,0.3,0.2,0.9,2.0,9.0,wagnemo01
173,Cory Joseph,PG,30,DET,65,39,24.6,2.7,6.2,.445,1.0,2.4,.414,1.7,3.7,.465,.526,1.5,1.7,.885,0.4,2.2,2.7,3.6,0.6,0.3,1.3,2.3,8.0,josepco01
174,JaVale McGee,C,34,PHO,74,17,15.8,3.9,6.2,.629,0.0,0.1,.222,3.9,6.1,.637,.631,1.4,2.0,.699,2.2,4.5,6.7,0.6,0.3,1.1,1.3,2.4,9.2,mcgeeja01
175,Naz Reid,C,22,MIN,77,6,15.8,3.0,6.2,.489,0.7,2.2,.343,2.3,4.0,.568,.549,1.5,1.9,.765,1.3,2.6,3.9,0.9,0.5,0.9,1.1,2.2,8.3,reidna01
176,Damion Lee,SG,29,GSW,63,5,19.9,2.7,6.1,.441,1.0,3.0,.337,1.7,3.1,.541,.523,1.0,1.2,.880,0.4,2.8,3.2,1.0,0.6,0.1,0.6,1.5,7.4,leeda03
177,Robert Williams,C,24,BOS,61,61,29.6,4.4,6.0,.736,0.0,0.0,.000,4.4,6.0,.738,.736,1.1,1.5,.722,3.9,5.7,9.6,2.0,0.9,2.2,1.0,2.2,10.0,williro04
178,P.J. Tucker,PF,36,MIA,71,70,27.9,2.9,6.0,.484,1.1,2.7,.415,1.8,3.3,.540,.577,0.6,0.9,.738,1.4,4.0,5.5,2.1,0.8,0.2,0.9,2.3,7.6,tuckepj01
179,Cody Martin,SF,26,CHO,71,11,26.3,2.9,6.0,.482,0.9,2.2,.384,2.0,3.7,.542,.554,1.1,1.5,.701,1.2,2.9,4.0,2.5,1.2,0.5,0.9,1.6,7.7,martico01
180,Maxi Kleber,PF,30,DAL,59,21,24.6,2.4,6.0,.398,1.4,4.3,.325,1.0,1.7,.586,.516,0.8,1.1,.708,1.2,4.7,5.9,1.2,0.5,1.0,0.8,2.3,7.0,klebima01
181,Andre Drummond,C,28,TOT,73,36,19.7,3.4,5.9,.570,0.0,0.0,.000,3.4,5.9,.574,.570,1.2,2.2,.524,3.1,6.2,9.3,1.8,1.1,0.9,1.6,2.6,7.9,drumman01
182,Royce O'Neale,SF,28,UTA,77,77,31.2,2.6,5.8,.457,1.5,4.0,.389,1.1,1.8,.609,.591,0.6,0.7,.804,0.8,3.9,4.8,2.5,1.1,0.4,1.0,2.4,7.4,onealro01
183,Torrey Craig,SF,31,TOT,78,16,20.5,2.6,5.7,.454,1.0,3.0,.329,1.6,2.7,.594,.541,0.5,0.7,.750,1.1,2.9,4.0,1.2,0.6,0.5,0.9,1.9,6.6,craigto01
184,Daniel Gafford,C,23,WAS,72,53,20.1,4.0,5.7,.693,0.0,0.0,.000,4.0,5.7,.695,.693,1.5,2.1,.699,2.2,3.5,5.7,0.9,0.4,1.4,0.9,2.4,9.4,gaffoda01
185,Jaxson Hayes,C,21,NOP,70,28,20.0,3.5,5.7,.616,0.3,0.8,.351,3.2,4.9,.660,.641,2.1,2.7,.766,1.6,2.9,4.5,0.6,0.5,0.8,0.8,2.2,9.3,hayesja02
186,Taurean Prince,PF,27,MIN,69,8,17.1,2.6,5.7,.454,1.2,3.3,.376,1.3,2.3,.565,.564,0.9,1.2,.756,0.4,2.1,2.5,1.0,0.7,0.3,0.8,1.7,7.3,princta02
187,Grant Williams,PF,23,BOS,77,21,24.4,2.7,5.6,.475,1.4,3.4,.411,1.3,2.3,.569,.597,1.1,1.2,.905,0.8,2.7,3.6,1.0,0.5,0.7,0.8,2.4,7.8,willigr01
188,Avery Bradley,SG,31,LAL,62,45,22.7,2.4,5.6,.423,1.3,3.4,.390,1.1,2.3,.471,.540,0.3,0.3,.889,0.5,1.7,2.2,0.8,0.9,0.1,0.6,1.9,6.4,bradlav01
189,Isaiah Hartenstein,C,23,LAC,68,0,17.9,3.4,5.4,.626,0.2,0.4,.467,3.2,4.9,.640,.645,1.3,1.9,.689,1.7,3.2,4.9,2.4,0.7,1.1,1.2,2.5,8.3,harteis01
190,Aaron Holiday,PG,25,TOT,63,15,16.2,2.4,5.4,.447,0.6,1.6,.379,1.8,3.7,.477,.504,0.9,1.1,.868,0.4,1.6,1.9,2.4,0.7,0.1,1.1,1.5,6.3,holidaa01
191,CJ Elleby,SF,21,POR,58,28,20.2,2.1,5.3,.393,0.6,2.2,.294,1.4,3.1,.462,.453,1.0,1.4,.714,1.1,2.8,3.9,1.5,0.6,0.3,1.0,2.0,5.8,ellebcj01
192,Payton Pritchard,PG,24,BOS,71,2,14.1,2.3,5.3,.429,1.4,3.5,.412,0.8,1.8,.461,.564,0.3,0.3,1.000,0.5,1.4,1.9,2.0,0.4,0.1,0.6,0.9,6.2,pritcpa01
193,Austin Reaves,SG,23,LAL,61,19,23.2,2.4,5.2,.459,0.9,2.7,.317,1.5,2.5,.616,.542,1.6,1.9,.839,0.7,2.4,3.2,1.8,0.5,0.3,0.7,1.4,7.3,reaveau01
194,Austin Rivers,SG,29,DEN,67,18,22.1,2.2,5.2,.417,1.2,3.4,.342,1.0,1.8,.563,.530,0.5,0.7,.727,0.3,1.4,1.7,1.3,0.8,0.1,0.8,1.8,6.0,riverau01
195,Danny Green,SF,34,PHI,62,28,21.8,2.0,5.2,.394,1.7,4.4,.380,0.4,0.8,.469,.555,0.2,0.2,.786,0.5,2.0,2.5,1.0,1.0,0.6,0.7,1.7,5.9,greenda02
196,Drew Eubanks,C,24,TOT,71,31,17.5,3.1,5.2,.596,0.1,0.3,.217,3.0,4.9,.621,.602,1.4,1.8,.762,1.8,3.5,5.4,1.2,0.4,0.6,1.1,1.7,7.7,eubandr01
197,Steven Adams,C,28,MEM,76,75,26.3,2.8,5.1,.547,0.0,0.0,.000,2.8,5.0,.548,.547,1.4,2.6,.543,4.6,5.4,10.0,3.4,0.9,0.8,1.5,2.0,6.9,adamsst01
198,Hassan Whiteside,C,32,UTA,65,8,17.9,3.3,5.1,.652,0.0,0.0,,3.3,5.1,.652,.652,1.6,2.6,.623,2.6,5.0,7.6,0.4,0.3,1.6,0.8,2.8,8.2,whiteha01
199,Lamar Stevens,PF,24,CLE,63,13,16.1,2.5,5.1,.489,0.3,1.0,.277,2.2,4.0,.543,.517,0.8,1.2,.707,0.7,1.9,2.6,0.7,0.5,0.3,0.7,1.7,6.1,stevela01
200,Javonte Green,SF,28,CHI,65,45,23.4,2.7,5.0,.542,0.6,1.6,.356,2.2,3.4,.625,.597,1.2,1.5,.833,1.4,2.8,4.2,0.9,1.0,0.5,0.5,2.0,7.2,greenja02
201,James Johnson,PF,34,BRK,62,10,19.2,2.3,5.0,.469,0.4,1.4,.271,2.0,3.6,.545,.507,0.5,0.9,.527,0.8,2.6,3.5,2.1,0.5,0.5,0.8,2.6,5.5,johnsja01
202,Garrett Temple,SG,35,NOP,59,16,18.6,1.9,5.0,.376,1.0,3.1,.319,0.9,1.9,.473,.476,0.5,0.7,.683,0.5,1.9,2.4,1.3,0.7,0.4,0.7,1.4,5.2,templga01
203,Jarred Vanderbilt,PF,22,MIN,74,67,25.4,2.9,4.9,.587,0.0,0.2,.143,2.8,4.7,.605,.590,1.2,1.8,.656,2.9,5.5,8.4,1.3,1.3,0.6,1.0,2.4,6.9,vandeja01
204,Dwight Powell,C,30,DAL,82,71,21.9,3.3,4.9,.671,0.2,0.5,.351,3.1,4.4,.703,.687,2.0,2.6,.783,2.1,2.8,4.9,1.2,0.5,0.5,0.8,2.7,8.7,poweldw01
205,Tre Jones,PG,22,SAS,69,11,16.6,2.4,4.9,.490,0.1,0.7,.196,2.3,4.2,.542,.504,1.0,1.3,.780,0.4,1.8,2.2,3.4,0.6,0.1,0.7,1.1,6.0,jonestr01
206,JaMychal Green,PF,31,DEN,67,8,16.2,2.4,4.9,.486,0.5,1.9,.266,1.9,3.0,.621,.537,1.2,1.4,.871,1.2,3.0,4.2,0.9,0.6,0.4,0.9,2.4,6.4,greenja01
207,Mitchell Robinson,C,23,NYK,72,62,25.7,3.6,4.8,.761,0.0,0.0,,3.6,4.8,.761,.761,1.2,2.5,.486,4.1,4.5,8.6,0.5,0.8,1.8,0.8,2.7,8.5,robinmi01
208,Gary Payton II,SG,29,GSW,71,16,17.6,3.0,4.8,.616,0.6,1.7,.358,2.4,3.2,.754,.679,0.5,0.8,.603,1.0,2.5,3.5,0.9,1.4,0.3,0.6,1.8,7.1,paytoga02
209,Nemanja Bjelica,C,33,GSW,71,0,16.1,2.3,4.8,.468,0.8,2.1,.362,1.5,2.7,.549,.547,0.8,1.1,.728,0.9,3.3,4.1,2.2,0.6,0.4,1.2,1.8,6.1,bjeline01
210,Facundo Campazzo,PG,30,DEN,65,4,18.2,1.6,4.6,.361,0.9,3.0,.301,0.8,1.6,.476,.459,0.9,1.2,.769,0.4,1.4,1.8,3.4,1.0,0.4,1.0,1.9,5.1,campafa01
211,Matisse Thybulle,SG,24,PHI,66,50,25.5,2.3,4.5,.500,0.7,2.2,.313,1.6,2.4,.673,.575,0.5,0.7,.791,0.6,1.7,2.3,1.1,1.7,1.1,0.6,2.4,5.7,thybuma01
212,Keita Bates-Diop,SF,26,SAS,59,14,16.2,2.3,4.5,.517,0.3,0.9,.309,2.0,3.5,.572,.549,0.8,1.0,.754,1.1,2.9,3.9,0.7,0.5,0.2,0.8,1.0,5.7,bateske01
213,Trey Murphy III,SF,21,NOP,62,1,13.9,1.8,4.5,.394,1.1,3.0,.382,0.6,1.5,.418,.522,0.7,0.8,.882,0.8,1.6,2.4,0.6,0.4,0.1,0.3,1.0,5.4,murphtr02
214,Mason Plumlee,C,31,CHO,73,73,24.6,2.8,4.4,.641,0.0,0.0,.000,2.8,4.4,.645,.641,0.9,2.3,.392,2.4,5.3,7.7,3.1,0.8,0.7,1.4,3.1,6.5,plumlma01
215,Kevon Looney,C,25,GSW,82,80,21.1,2.5,4.4,.571,0.0,0.0,.000,2.5,4.4,.573,.571,0.9,1.5,.600,2.5,4.7,7.3,2.0,0.6,0.6,0.8,2.6,6.0,looneke01
216,Dewayne Dedmon,C,32,MIA,67,15,15.9,2.4,4.3,.566,0.3,0.7,.404,2.2,3.6,.597,.598,1.1,1.5,.750,1.6,4.2,5.8,0.7,0.4,0.6,1.0,2.6,6.3,dedmode01
217,Eric Paschall,PF,25,UTA,58,3,12.7,2.0,4.1,.485,0.7,1.9,.370,1.3,2.2,.583,.570,1.1,1.5,.767,0.5,1.3,1.8,0.6,0.2,0.1,0.5,0.9,5.8,pascher01
218,Troy Brown Jr.,SF,22,CHI,66,7,16.0,1.6,3.9,.419,0.7,2.0,.353,0.9,1.9,.488,.510,0.3,0.4,.769,0.6,2.5,3.1,1.0,0.5,0.1,0.4,0.9,4.3,browntr01
219,Josh Green,SG,21,DAL,67,3,15.5,1.9,3.8,.508,0.4,1.2,.359,1.5,2.7,.573,.563,0.5,0.7,.689,0.8,1.6,2.4,1.2,0.7,0.2,0.7,1.7,4.8,greenjo02
220,Jevon Carter,PG,26,TOT,66,3,13.7,1.5,3.8,.387,1.0,2.6,.388,0.5,1.3,.386,.518,0.2,0.3,.833,0.2,1.5,1.7,1.5,0.4,0.2,0.5,1.0,4.2,carteje01
221,Frank Ntilikina,SG,23,DAL,58,5,11.8,1.5,3.8,.399,0.7,1.9,.342,0.9,1.9,.455,.484,0.4,0.4,.960,0.2,1.2,1.4,1.2,0.5,0.1,0.5,1.1,4.1,ntilila01
222,Dwight Howard,C,36,LAL,60,27,16.2,2.2,3.7,.612,0.1,0.3,.533,2.1,3.4,.618,.630,1.6,2.4,.658,2.0,4.0,5.9,0.6,0.6,0.6,0.8,1.9,6.2,howardw01
223,John Konchar,SG,25,MEM,72,7,17.9,1.9,3.6,.515,0.7,1.8,.413,1.2,1.9,.610,.615,0.4,0.7,.551,1.2,3.4,4.6,1.5,0.6,0.3,0.4,1.3,4.8,konchjo01
224,Delon Wright,SG,29,ATL,77,8,18.9,1.6,3.5,.454,0.6,1.5,.379,1.0,2.0,.510,.535,0.7,0.8,.857,0.6,2.2,2.9,2.4,1.2,0.2,0.6,0.7,4.4,wrighde01
225,Jordan McLaughlin,PG,25,MIN,62,3,14.5,1.4,3.2,.440,0.4,1.4,.318,1.0,1.9,.530,.508,0.5,0.6,.750,0.4,1.2,1.5,2.9,0.9,0.2,0.6,0.9,3.8,mclaujo01
226,Juan Toscano-Anderson,SF,28,GSW,73,6,13.6,1.6,3.2,.489,0.4,1.2,.322,1.2,2.0,.588,.549,0.5,1.0,.571,0.4,2.0,2.4,1.7,0.7,0.2,0.9,1.6,4.1,toscaju01
227,Dalano Banton,PG,22,TOR,64,1,10.9,1.3,3.2,.411,0.2,0.8,.255,1.1,2.4,.464,.443,0.4,0.7,.591,0.6,1.3,1.9,1.5,0.4,0.2,0.8,1.1,3.2,bantoda01
228,Trent Forrest,PG,23,UTA,60,6,12.8,1.3,2.6,.490,0.1,0.5,.185,1.2,2.1,.555,.506,0.6,0.8,.792,0.4,1.3,1.7,1.8,0.5,0.1,0.8,0.7,3.3,forretr01